week_start,channel,index_group,units,revenue
2018-09-24,online,Baby/Children,25817,575.1805423728824
2018-09-24,online,Divided,71108,2047.917220338939
2018-09-24,online,Ladieswear,144431,5238.647881356104
2018-09-24,online,Menswear,12372,398.7249999999991
2018-09-24,online,Sport,9007,270.61550847457596
2018-09-24,store,Baby/Children,25620,488.61140677966256
2018-09-24,store,Divided,28249,736.9291186440655
2018-09-24,store,Ladieswear,90949,2420.7289661016166
2018-09-24,store,Menswear,15153,443.5324406779714
2018-09-24,store,Sport,6263,175.92264406779563
2018-10-01,online,Baby/Children,19231,434.5013220339023
2018-10-01,online,Divided,44916,1357.7868135592785
2018-10-01,online,Ladieswear,85187,3073.8932711865555
2018-10-01,online,Menswear,8392,276.7361355932218
2018-10-01,online,Sport,5563,177.7398135593227
2018-10-01,store,Baby/Children,14094,301.2968813559313
2018-10-01,store,Divided,17469,485.11544067796933
2018-10-01,store,Ladieswear,52163,1464.9400000000155
2018-10-01,store,Menswear,7639,246.75345762711913
2018-10-01,store,Sport,3589,108.4799830508478
2018-10-08,online,Baby/Children,17252,369.4073728813562
2018-10-08,online,Divided,62032,1718.290745762659
2018-10-08,online,Ladieswear,128471,4519.441999999735
2018-10-08,online,Menswear,10311,312.71132203390107
2018-10-08,online,Sport,7975,224.2719152542383
2018-10-08,store,Baby/Children,12471,237.10761016949039
2018-10-08,store,Divided,19336,471.5532203389929
2018-10-08,store,Ladieswear,60464,1539.8618305084337
2018-10-08,store,Menswear,9390,275.42971186440997
2018-10-08,store,Sport,4636,124.0540847457622
2018-10-15,online,Baby/Children,19622,365.64974576270856
2018-10-15,online,Divided,63276,1766.0015423728883
2018-10-15,online,Ladieswear,124968,4104.760271186553
2018-10-15,online,Menswear,10364,315.0965593220345
2018-10-15,online,Sport,6527,196.08277966101798
2018-10-15,store,Baby/Children,8458,176.00371186440736
2018-10-15,store,Divided,14834,402.15037288135807
2018-10-15,store,Ladieswear,46804,1288.119881355943
2018-10-15,store,Menswear,6969,220.2151016949156
2018-10-15,store,Sport,3087,92.26559322033916
2018-10-22,online,Baby/Children,25109,468.79583050847106
2018-10-22,online,Divided,67133,1918.9653389830037
2018-10-22,online,Ladieswear,147000,4801.6117796611625
2018-10-22,online,Menswear,12822,407.0686610169493
2018-10-22,online,Sport,7838,243.3574067796623
2018-10-22,store,Baby/Children,12471,265.9297118644075
2018-10-22,store,Divided,22073,588.3892372881421
2018-10-22,store,Ladieswear,66378,1847.8041355932392
2018-10-22,store,Menswear,9745,319.0479830508482
2018-10-22,store,Sport,4013,123.14676271186457
2018-10-29,online,Baby/Children,19364,406.44137288135653
2018-10-29,online,Divided,50153,1602.1266779660639
2018-10-29,online,Ladieswear,111749,4093.3223728815137
2018-10-29,online,Menswear,10716,366.2095593220347
2018-10-29,online,Sport,6111,205.0616101694917
2018-10-29,store,Baby/Children,8008,165.49937288135558
2018-10-29,store,Divided,13141,367.5195932203416
2018-10-29,store,Ladieswear,47816,1378.4673220339298
2018-10-29,store,Menswear,6920,225.73123728813516
2018-10-29,store,Sport,2820,91.81988135593228
2018-11-05,online,Baby/Children,13723,298.2919322033875
2018-11-05,online,Divided,46025,1446.1603898304672
2018-11-05,online,Ladieswear,98139,3692.411474576437
2018-11-05,online,Menswear,9650,323.70649152542154
2018-11-05,online,Sport,5601,197.56216949152594
2018-11-05,store,Baby/Children,6595,135.72288135593146
2018-11-05,store,Divided,12619,345.47045762712315
2018-11-05,store,Ladieswear,44426,1236.5745762712188
2018-11-05,store,Menswear,6560,208.27872881355913
2018-11-05,store,Sport,2863,87.50098305084762
2018-11-12,online,Baby/Children,13361,289.1149661016931
2018-11-12,online,Divided,45476,1360.4035084745542
2018-11-12,online,Ladieswear,98245,3663.8754576272404
2018-11-12,online,Menswear,9088,294.91028813559245
2018-11-12,online,Sport,5709,191.15491525423727
2018-11-12,store,Baby/Children,6740,136.9231525423722
2018-11-12,store,Divided,11678,318.4650847457665
2018-11-12,store,Ladieswear,42014,1159.6108813559608
2018-11-12,store,Menswear,6467,197.57972881355863
2018-11-12,store,Sport,2515,75.25444067796627
2018-11-19,online,Baby/Children,30328,584.7245593220329
2018-11-19,online,Divided,81855,2232.151711864335
2018-11-19,online,Ladieswear,189047,6209.443389830081
2018-11-19,online,Menswear,21362,639.5993728813614
2018-11-19,online,Sport,14999,419.7743728813625
2018-11-19,store,Baby/Children,11294,201.37581355932127
2018-11-19,store,Divided,20801,509.1026610169562
2018-11-19,store,Ladieswear,68935,1716.6861694914994
2018-11-19,store,Menswear,11547,300.96201694915385
2018-11-19,store,Sport,4151,109.69166101694907
2018-11-26,online,Baby/Children,15054,304.1972372881366
2018-11-26,online,Divided,38614,1167.641033898253
2018-11-26,online,Ladieswear,93268,3340.7681525424946
2018-11-26,online,Menswear,10185,310.3482881355955
2018-11-26,online,Sport,8029,216.8611694915269
2018-11-26,store,Baby/Children,8352,167.64344067796492
2018-11-26,store,Divided,11125,303.7087796610198
2018-11-26,store,Ladieswear,44412,1225.620050847486
2018-11-26,store,Menswear,8277,225.28438983050924
2018-11-26,store,Sport,2340,72.08881355932218
2018-12-03,online,Baby/Children,11791,259.74915254237135
2018-12-03,online,Divided,40069,1229.017508474525
2018-12-03,online,Ladieswear,93596,3463.927830508457
2018-12-03,online,Menswear,9248,311.28542372881475
2018-12-03,online,Sport,4885,179.17264406779725
2018-12-03,store,Baby/Children,8236,141.01438983050784
2018-12-03,store,Divided,13300,301.68006779661107
2018-12-03,store,Ladieswear,44652,1071.319932203385
2018-12-03,store,Menswear,9012,223.9191355932191
2018-12-03,store,Sport,2535,64.2908644067797
2018-12-10,online,Baby/Children,14689,333.76655932203465
2018-12-10,online,Divided,39373,1235.8875932202848
2018-12-10,online,Ladieswear,91583,3353.650949152602
2018-12-10,online,Menswear,9640,340.1810169491537
2018-12-10,online,Sport,4749,172.70444067796666
2018-12-10,store,Baby/Children,8803,176.4765932203386
2018-12-10,store,Divided,11605,310.58186440678094
2018-12-10,store,Ladieswear,42787,1116.3762372881476
2018-12-10,store,Menswear,8608,250.74762711864346
2018-12-10,store,Sport,2059,61.71449152542385
2018-12-17,online,Baby/Children,15322,296.51632203389454
2018-12-17,online,Divided,45882,1276.756796610176
2018-12-17,online,Ladieswear,112139,3653.5254237287395
2018-12-17,online,Menswear,10029,326.9308305084754
2018-12-17,online,Sport,6695,194.71115254237284
2018-12-17,store,Baby/Children,15730,266.4097288135571
2018-12-17,store,Divided,26789,538.6296949152596
2018-12-17,store,Ladieswear,85785,1907.8657288136892
2018-12-17,store,Menswear,17640,400.1431694915258
2018-12-17,store,Sport,3862,89.91388135593259
2018-12-24,online,Baby/Children,10617,186.78386440677906
2018-12-24,online,Divided,35209,942.8025593220366
2018-12-24,online,Ladieswear,90691,2742.4743389830965
2018-12-24,online,Menswear,6373,203.54255932203364
2018-12-24,online,Sport,7227,195.89313559322017
2018-12-24,store,Baby/Children,9251,156.40359322033862
2018-12-24,store,Divided,19855,415.9677796610191
2018-12-24,store,Ladieswear,59412,1312.123423728875
2018-12-24,store,Menswear,11118,281.19420338983093
2018-12-24,store,Sport,3398,80.56194915254268
2018-12-31,online,Baby/Children,11876,222.94445762711703
2018-12-31,online,Divided,41600,1119.2816949152414
2018-12-31,online,Ladieswear,103998,3082.6618813560417
2018-12-31,online,Menswear,6592,213.04062711864407
2018-12-31,online,Sport,9369,266.319050847457
2018-12-31,store,Baby/Children,8931,153.26045762711794
2018-12-31,store,Divided,16877,349.5655254237311
2018-12-31,store,Ladieswear,48675,1044.0496949152832
2018-12-31,store,Menswear,7336,188.43835593220294
2018-12-31,store,Sport,4756,111.8511016949154
2019-01-07,online,Baby/Children,16106,303.9032881355921
2019-01-07,online,Divided,57726,1577.2673898304909
2019-01-07,online,Ladieswear,155114,4610.774389830368
2019-01-07,online,Menswear,7547,228.3869491525422
2019-01-07,online,Sport,12734,365.0300338983053
2019-01-07,store,Baby/Children,5680,92.75149152542429
2019-01-07,store,Divided,11824,235.93928813559202
2019-01-07,store,Ladieswear,40999,871.4193050847529
2019-01-07,store,Menswear,4769,119.16961016949125
2019-01-07,store,Sport,4795,113.66971186440728
2019-01-14,online,Baby/Children,13876,262.63437288135356
2019-01-14,online,Divided,47974,1287.4765932203125
2019-01-14,online,Ladieswear,117188,3535.6477118643415
2019-01-14,online,Menswear,6851,219.8783898305084
2019-01-14,online,Sport,9878,298.0517627118641
2019-01-14,store,Baby/Children,5662,95.18216949152551
2019-01-14,store,Divided,11477,230.6621525423721
2019-01-14,store,Ladieswear,40430,868.3190338983125
2019-01-14,store,Menswear,5051,123.39903389830486
2019-01-14,store,Sport,4157,104.17805084745808
2019-01-21,online,Baby/Children,14576,273.3289661016926
2019-01-21,online,Divided,54427,1430.3609999999626
2019-01-21,online,Ladieswear,122249,3628.4360847458584
2019-01-21,online,Menswear,7164,232.84210169491502
2019-01-21,online,Sport,9508,285.3837796610178
2019-01-21,store,Baby/Children,6605,110.52135593220383
2019-01-21,store,Divided,15773,318.2056779660999
2019-01-21,store,Ladieswear,48788,1054.0086610169578
2019-01-21,store,Menswear,5927,149.1238305084739
2019-01-21,store,Sport,4442,112.48796610169543
2019-01-28,online,Baby/Children,16471,292.05274576271074
2019-01-28,online,Divided,53251,1410.0323898304746
2019-01-28,online,Ladieswear,121785,3622.8647288135853
2019-01-28,online,Menswear,8120,256.54510169491556
2019-01-28,online,Sport,8983,265.03783050847557
2019-01-28,store,Baby/Children,6135,100.59723728813572
2019-01-28,store,Divided,15206,319.20433898304924
2019-01-28,store,Ladieswear,48629,1061.1489322033813
2019-01-28,store,Menswear,5774,149.984101694915
2019-01-28,store,Sport,4457,117.90279661016962
2019-02-04,online,Baby/Children,11896,231.03922033898158
2019-02-04,online,Divided,47923,1420.3431525423389
2019-02-04,online,Ladieswear,110943,3381.541830508564
2019-02-04,online,Menswear,6898,227.42942372881458
2019-02-04,online,Sport,7731,235.864474576272
2019-02-04,store,Baby/Children,6191,105.54600000000035
2019-02-04,store,Divided,13733,325.3519322033884
2019-02-04,store,Ladieswear,45955,1040.671915254246
2019-02-04,store,Menswear,5959,160.57806779661036
2019-02-04,store,Sport,3827,104.43984745762751
2019-02-11,online,Baby/Children,12241,244.83891525423653
2019-02-11,online,Divided,44573,1328.9303050847077
2019-02-11,online,Ladieswear,102065,3148.837169491576
2019-02-11,online,Menswear,5988,190.98947457627128
2019-02-11,online,Sport,6852,208.82218644067862
2019-02-11,store,Baby/Children,7104,127.98362711864458
2019-02-11,store,Divided,13454,335.7940169491531
2019-02-11,store,Ladieswear,47005,1090.5097118644217
2019-02-11,store,Menswear,6014,161.6062033898304
2019-02-11,store,Sport,3657,101.09679661016973
2019-02-18,online,Baby/Children,13444,260.44461016949396
2019-02-18,online,Divided,54174,1507.520491525347
2019-02-18,online,Ladieswear,130305,3928.5049999999674
2019-02-18,online,Menswear,7553,228.24754237288283
2019-02-18,online,Sport,8095,238.5536271186472
2019-02-18,store,Baby/Children,13453,218.78272881356838
2019-02-18,store,Divided,22095,513.6420338983069
2019-02-18,store,Ladieswear,77613,1736.3483559321307
2019-02-18,store,Menswear,9879,244.8314745762781
2019-02-18,store,Sport,5639,150.3430677966121
2019-02-25,online,Baby/Children,8963,180.28688135593137
2019-02-25,online,Divided,48674,1410.2052542372726
2019-02-25,online,Ladieswear,119941,3786.745474576386
2019-02-25,online,Menswear,7107,221.77938983050902
2019-02-25,online,Sport,7476,224.91944067796624
2019-02-25,store,Baby/Children,7270,127.96179661016953
2019-02-25,store,Divided,17873,429.4389830508515
2019-02-25,store,Ladieswear,59147,1416.9535762712244
2019-02-25,store,Menswear,6928,175.832016949152
2019-02-25,store,Sport,4077,112.29144067796622
2019-03-04,online,Baby/Children,6225,123.21323728813647
2019-03-04,online,Divided,52651,1458.6827627118548
2019-03-04,online,Ladieswear,132521,4094.672389830608
2019-03-04,online,Menswear,6276,204.4018474576273
2019-03-04,online,Sport,7952,244.10566101694957
2019-03-04,store,Baby/Children,3226,59.52144067796669
2019-03-04,store,Divided,13563,346.66349152542546
2019-03-04,store,Ladieswear,48670,1231.8105762712078
2019-03-04,store,Menswear,4455,116.61574576271178
2019-03-04,store,Sport,3814,110.07306779661042
2019-03-11,online,Baby/Children,6655,129.11762711864483
2019-03-11,online,Divided,59369,1586.7469830508721
2019-03-11,online,Ladieswear,139716,4339.065508474715
2019-03-11,online,Menswear,6858,211.94006779661012
2019-03-11,online,Sport,8486,259.8917457627119
2019-03-11,store,Baby/Children,2847,52.27189830508521
2019-03-11,store,Divided,11732,287.6749152542346
2019-03-11,store,Ladieswear,42736,1081.9893220338827
2019-03-11,store,Menswear,4314,111.9403898305085
2019-03-11,store,Sport,3292,95.83413559322054
2019-03-18,online,Baby/Children,5780,118.92669491525459
2019-03-18,online,Divided,49751,1454.7600508474288
2019-03-18,online,Ladieswear,125870,4261.782016949408
2019-03-18,online,Menswear,6025,191.31622033898321
2019-03-18,online,Sport,6905,218.5292881355938
2019-03-18,store,Baby/Children,3566,63.71127118644117
2019-03-18,store,Divided,14796,365.91535593220516
2019-03-18,store,Ladieswear,57164,1428.7905423729208
2019-03-18,store,Menswear,5252,134.03647457627125
2019-03-18,store,Sport,3711,107.10966101694933
2019-03-25,online,Baby/Children,11032,216.65047457627065
2019-03-25,online,Divided,57319,1798.3605254236866
2019-03-25,online,Ladieswear,142550,4772.474186441131
2019-03-25,online,Menswear,7793,254.52686440678056
2019-03-25,online,Sport,8166,261.9305593220343
2019-03-25,store,Baby/Children,4450,76.57337288135683
2019-03-25,store,Divided,17996,458.2568474576291
2019-03-25,store,Ladieswear,64501,1638.0208644068039
2019-03-25,store,Menswear,6313,162.14069491525373
2019-03-25,store,Sport,4405,129.133338983051
2019-04-01,online,Baby/Children,8275,161.5457966101699
2019-04-01,online,Divided,65285,1918.213627118615
2019-04-01,online,Ladieswear,184538,5698.34788135585
2019-04-01,online,Menswear,11005,325.30842372881557
2019-04-01,online,Sport,10248,304.5895593220358
2019-04-01,store,Baby/Children,4558,84.48238983050965
2019-04-01,store,Divided,18147,441.07791525423613
2019-04-01,store,Ladieswear,62155,1536.0794406779678
2019-04-01,store,Menswear,6096,157.07830508474547
2019-04-01,store,Sport,4305,120.99383050847446
2019-04-08,online,Baby/Children,7534,155.89496610169505
2019-04-08,online,Divided,44322,1358.9163220338892
2019-04-08,online,Ladieswear,136157,4633.651576271606
2019-04-08,online,Menswear,7003,220.21318644067847
2019-04-08,online,Sport,6600,207.81477966101755
2019-04-08,store,Baby/Children,4132,74.07761016949225
2019-04-08,store,Divided,15808,382.31647457627395
2019-04-08,store,Ladieswear,57405,1453.04484745766
2019-04-08,store,Menswear,6173,160.67425423728793
2019-04-08,store,Sport,3727,106.16128813559328
2019-04-15,online,Baby/Children,6638,136.32944067796674
2019-04-15,online,Divided,46795,1388.8308474576147
2019-04-15,online,Ladieswear,149499,4970.189677966541
2019-04-15,online,Menswear,7742,234.96101694915274
2019-04-15,online,Sport,5651,171.65244067796698
2019-04-15,store,Baby/Children,5278,86.65228813559382
2019-04-15,store,Divided,19967,421.89093220339026
2019-04-15,store,Ladieswear,69157,1625.3495254237655
2019-04-15,store,Menswear,6914,158.6488135593221
2019-04-15,store,Sport,3148,80.30052542372894
2019-04-22,online,Baby/Children,6617,132.55633898305206
2019-04-22,online,Divided,53379,1556.9058135593054
2019-04-22,online,Ladieswear,178858,5730.699237288605
2019-04-22,online,Menswear,10578,306.6661016949157
2019-04-22,online,Sport,7044,195.7410338983056
2019-04-22,store,Baby/Children,6300,108.31040677966172
2019-04-22,store,Divided,26122,580.1987457627183
2019-04-22,store,Ladieswear,78369,1889.605576271242
2019-04-22,store,Menswear,9618,231.04749152542365
2019-04-22,store,Sport,3591,94.97098305084764
2019-04-29,online,Baby/Children,5892,119.65323728813668
2019-04-29,online,Divided,55960,1624.872067796586
2019-04-29,online,Ladieswear,195415,6174.683355932893
2019-04-29,online,Menswear,11479,334.9232203389829
2019-04-29,online,Sport,8778,265.4812033898315
2019-04-29,store,Baby/Children,5271,91.714779661018
2019-04-29,store,Divided,25744,581.3690847457692
2019-04-29,store,Ladieswear,80246,1946.6385084746241
2019-04-29,store,Menswear,10119,256.84549152542377
2019-04-29,store,Sport,4591,125.42630508474569
2019-05-06,online,Baby/Children,3949,85.174135593221
2019-05-06,online,Divided,42559,1262.1190677965892
2019-05-06,online,Ladieswear,140848,4455.764220339538
2019-05-06,online,Menswear,7113,219.5173728813558
2019-05-06,online,Sport,6431,201.3451525423734
2019-05-06,store,Baby/Children,2619,42.865084745763006
2019-05-06,store,Divided,13698,308.9461186440687
2019-05-06,store,Ladieswear,56701,1364.6962881356526
2019-05-06,store,Menswear,6057,153.50238983050838
2019-05-06,store,Sport,3210,86.92749152542378
2019-05-13,online,Baby/Children,5102,103.29469491525535
2019-05-13,online,Divided,53335,1512.4985593219994
2019-05-13,online,Ladieswear,171960,5176.811271186714
2019-05-13,online,Menswear,9616,294.98366101695046
2019-05-13,online,Sport,7781,235.48315254237383
2019-05-13,store,Baby/Children,3169,51.97833898305126
2019-05-13,store,Divided,15165,327.84555932203335
2019-05-13,store,Ladieswear,64168,1486.8179322034407
2019-05-13,store,Menswear,7031,175.02576271186365
2019-05-13,store,Sport,3589,91.42667796610156
2019-05-20,online,Baby/Children,5165,108.19415254237387
2019-05-20,online,Divided,50608,1509.7620508474192
2019-05-20,online,Ladieswear,158158,4939.4326440683
2019-05-20,online,Menswear,9103,286.47132203389856
2019-05-20,online,Sport,6540,202.94993220338998
2019-05-20,store,Baby/Children,4640,68.70779661017025
2019-05-20,store,Divided,23151,456.2461355932228
2019-05-20,store,Ladieswear,85873,1883.006559322106
2019-05-20,store,Menswear,9593,226.14798305084713
2019-05-20,store,Sport,4515,105.5097627118647
2019-05-27,online,Baby/Children,5387,108.56862711864486
2019-05-27,online,Divided,62256,1669.530288135593
2019-05-27,online,Ladieswear,193646,5604.825593220675
2019-05-27,online,Menswear,11271,327.33391525423826
2019-05-27,online,Sport,6712,200.79120338983074
2019-05-27,store,Baby/Children,4622,73.87637288135659
2019-05-27,store,Divided,24435,504.71952542373094
2019-05-27,store,Ladieswear,84422,1947.1379322034609
2019-05-27,store,Menswear,11193,261.1903559322028
2019-05-27,store,Sport,3857,95.40232203389856
2019-06-03,online,Baby/Children,4647,90.68349152542505
2019-06-03,online,Divided,55536,1527.964796610167
2019-06-03,online,Ladieswear,161402,4845.65261016998
2019-06-03,online,Menswear,9670,278.2382372881361
2019-06-03,online,Sport,6891,206.6927288135597
2019-06-03,store,Baby/Children,3541,60.25518644067837
2019-06-03,store,Divided,16591,358.3608135593199
2019-06-03,store,Ladieswear,66021,1530.8759322034332
2019-06-03,store,Menswear,7645,183.55596610169528
2019-06-03,store,Sport,3147,80.84235593220357
2019-06-10,online,Baby/Children,3657,73.88252542372949
2019-06-10,online,Divided,51555,1407.1293220338885
2019-06-10,online,Ladieswear,162446,5002.568508475113
2019-06-10,online,Menswear,8599,253.93559322033923
2019-06-10,online,Sport,6139,187.3602033898309
2019-06-10,store,Baby/Children,2762,46.37325423728811
2019-06-10,store,Divided,14601,311.5549830508454
2019-06-10,store,Ladieswear,66426,1541.0805084746148
2019-06-10,store,Menswear,8020,193.33994915254243
2019-06-10,store,Sport,3132,82.77076271186463
2019-06-17,online,Baby/Children,9408,151.51169491525556
2019-06-17,online,Divided,93382,2296.4597796610574
2019-06-17,online,Ladieswear,267149,7210.898016949458
2019-06-17,online,Menswear,16484,400.70566101694925
2019-06-17,online,Sport,11104,280.84828813559307
2019-06-17,store,Baby/Children,5319,77.14096610169543
2019-06-17,store,Divided,30241,542.6433220338952
2019-06-17,store,Ladieswear,109350,2391.5420338983645
2019-06-17,store,Menswear,12634,254.0580847457632
2019-06-17,store,Sport,5005,111.25384745762739
2019-06-24,online,Baby/Children,8538,134.8874067796629
2019-06-24,online,Divided,88159,2106.072779661027
2019-06-24,online,Ladieswear,261846,6866.097254237621
2019-06-24,online,Menswear,18664,433.64613559321856
2019-06-24,online,Sport,9814,236.2540508474584
2019-06-24,store,Baby/Children,4956,76.47113559322065
2019-06-24,store,Divided,35202,631.7498474576257
2019-06-24,store,Ladieswear,116312,2612.377237288243
2019-06-24,store,Menswear,14363,298.0834406779664
2019-06-24,store,Sport,5136,114.66440677966153
2019-07-01,online,Baby/Children,5813,95.29371186440792
2019-07-01,online,Divided,65552,1606.1869491525185
2019-07-01,online,Ladieswear,188012,5133.817355932449
2019-07-01,online,Menswear,13137,318.55486440677953
2019-07-01,online,Sport,7828,199.32388135593231
2019-07-01,store,Baby/Children,4782,71.57042372881422
2019-07-01,store,Divided,36080,588.7852203389845
2019-07-01,store,Ladieswear,91284,1965.119101695005
2019-07-01,store,Menswear,12777,269.5055423728807
2019-07-01,store,Sport,4261,100.11786440678006
2019-07-08,online,Baby/Children,5242,82.80767796610272
2019-07-08,online,Divided,56499,1357.7132372881367
2019-07-08,online,Ladieswear,160949,4194.825559322181
2019-07-08,online,Menswear,10373,240.9779322033898
2019-07-08,online,Sport,7634,195.58020338983079
2019-07-08,store,Baby/Children,4014,56.758661016949574
2019-07-08,store,Divided,31473,499.28906779660565
2019-07-08,store,Ladieswear,82322,1620.5270169492298
2019-07-08,store,Menswear,11588,222.12842372881346
2019-07-08,store,Sport,4543,99.93211864406841
2019-07-15,online,Baby/Children,4582,70.3748135593227
2019-07-15,online,Divided,58153,1347.8348644067655
2019-07-15,online,Ladieswear,166943,4196.071067796753
2019-07-15,online,Menswear,10306,233.20186440677998
2019-07-15,online,Sport,8411,213.03006779660996
2019-07-15,store,Baby/Children,4935,65.37371186440765
2019-07-15,store,Divided,27431,434.551186440672
2019-07-15,store,Ladieswear,76016,1488.6216440678372
2019-07-15,store,Menswear,10596,199.92471186440676
2019-07-15,store,Sport,3704,84.33506779661064
2019-07-22,online,Baby/Children,6056,80.46806779661077
2019-07-22,online,Divided,78872,1651.1466779660786
2019-07-22,online,Ladieswear,235173,5143.240372881576
2019-07-22,online,Menswear,15562,306.5683559322027
2019-07-22,online,Sport,10006,215.07137288135655
2019-07-22,store,Baby/Children,3945,49.2030677966103
2019-07-22,store,Divided,27316,387.94966101694337
2019-07-22,store,Ladieswear,81282,1561.6528644068017
2019-07-22,store,Menswear,10394,187.59047457627142
2019-07-22,store,Sport,3260,72.95225423728832
2019-07-29,online,Baby/Children,4519,65.89411864406853
2019-07-29,online,Divided,52908,1239.9962033898155
2019-07-29,online,Ladieswear,145974,3546.6460847459703
2019-07-29,online,Menswear,9475,209.33662711864383
2019-07-29,online,Sport,8109,187.93135593220364
2019-07-29,store,Baby/Children,3544,46.33408474576285
2019-07-29,store,Divided,24885,351.25566101694244
2019-07-29,store,Ladieswear,68074,1266.7455423728907
2019-07-29,store,Menswear,8222,163.51135593220323
2019-07-29,store,Sport,3674,81.32903389830551
2019-08-05,online,Baby/Children,4358,72.01455932203461
2019-08-05,online,Divided,52723,1311.1517288135444
2019-08-05,online,Ladieswear,138706,3563.210542372982
2019-08-05,online,Menswear,8465,208.13203389830457
2019-08-05,online,Sport,8286,214.7367796610166
2019-08-05,store,Baby/Children,3265,45.22391525423759
2019-08-05,store,Divided,19379,294.8995593220315
2019-08-05,store,Ladieswear,53489,1038.3292033898229
2019-08-05,store,Menswear,6760,142.4081694915253
2019-08-05,store,Sport,3361,78.70066101694948
2019-08-12,online,Baby/Children,5052,95.97545762711968
2019-08-12,online,Divided,62612,1513.9837627118682
2019-08-12,online,Ladieswear,140547,3816.18096610188
2019-08-12,online,Menswear,8739,229.0979322033893
2019-08-12,online,Sport,8412,239.62949152542387
2019-08-12,store,Baby/Children,4303,55.317491525424046
2019-08-12,store,Divided,20468,308.7415762711826
2019-08-12,store,Ladieswear,63472,1081.699508474544
2019-08-12,store,Menswear,7471,152.41193220338994
2019-08-12,store,Sport,3952,94.68727118644085
2019-08-19,online,Baby/Children,3402,72.9761355932207
2019-08-19,online,Divided,46953,1278.1319661016805
2019-08-19,online,Ladieswear,108670,3262.7978644068007
2019-08-19,online,Menswear,6604,191.6388983050853
2019-08-19,online,Sport,7764,226.57442372881445
2019-08-19,store,Baby/Children,2926,47.645474576271525
2019-08-19,store,Divided,17920,320.1763728813555
2019-08-19,store,Ladieswear,55162,1118.0382372881052
2019-08-19,store,Menswear,6240,147.6625423728818
2019-08-19,store,Sport,4047,103.12235593220382
2019-08-26,online,Baby/Children,5516,111.54205084745666
2019-08-26,online,Divided,42438,1181.0378644067605
2019-08-26,online,Ladieswear,94694,3136.8495593220987
2019-08-26,online,Menswear,6147,186.9012881355934
2019-08-26,online,Sport,7786,234.47571186440683
2019-08-26,store,Baby/Children,2846,45.62166101694942
2019-08-26,store,Divided,14396,282.47330508474545
2019-08-26,store,Ladieswear,50728,1104.0281694915002
2019-08-26,store,Menswear,5322,129.06155932203365
2019-08-26,store,Sport,4381,111.28337288135597
2019-09-02,online,Baby/Children,7394,178.0318135593225
2019-09-02,online,Divided,50086,1528.6522372881334
2019-09-02,online,Ladieswear,107353,4136.218830508599
2019-09-02,online,Menswear,7809,267.96976271186577
2019-09-02,online,Sport,8824,289.7699152542379
2019-09-02,store,Baby/Children,3395,65.1335593220342
2019-09-02,store,Divided,13479,326.0121355932209
2019-09-02,store,Ladieswear,51437,1303.2395593220315
2019-09-02,store,Menswear,6058,163.59469491525402
2019-09-02,store,Sport,4248,119.59283050847458
2019-09-09,online,Baby/Children,5130,126.0972033898303
2019-09-09,online,Divided,48899,1496.4201355932123
2019-09-09,online,Ladieswear,102712,3979.9963898306387
2019-09-09,online,Menswear,7490,265.6815423728824
2019-09-09,online,Sport,7110,234.39037288135688
2019-09-09,store,Baby/Children,3073,65.19854237288178
2019-09-09,store,Divided,12750,323.90066101694975
2019-09-09,store,Ladieswear,50059,1313.4736271186498
2019-09-09,store,Menswear,5621,160.56759322033895
2019-09-09,store,Sport,3574,103.33510169491524
2019-09-16,online,Baby/Children,4741,115.98949152542362
2019-09-16,online,Divided,45506,1451.2983728813333
2019-09-16,online,Ladieswear,98451,3906.4514237289786
2019-09-16,online,Menswear,6649,236.54561016949222
2019-09-16,online,Sport,7006,236.9630677966103
2019-09-16,store,Baby/Children,2741,58.816915254237756
2019-09-16,store,Divided,11888,313.0156779661023
2019-09-16,store,Ladieswear,46984,1295.4143050847447
2019-09-16,store,Menswear,5121,152.3985254237286
2019-09-16,store,Sport,3191,93.28157627118655
2019-09-23,online,Baby/Children,8347,189.06718644067703
2019-09-23,online,Divided,87197,2653.9489491524578
2019-09-23,online,Ladieswear,202958,7511.117220338631
2019-09-23,online,Menswear,15582,538.9799661016998
2019-09-23,online,Sport,13387,408.2182372881427
2019-09-23,store,Baby/Children,3913,81.18323728813603
2019-09-23,store,Divided,15940,427.2237796610189
2019-09-23,store,Ladieswear,64529,1749.5930847457553
2019-09-23,store,Menswear,7699,235.88406779660963
2019-09-23,store,Sport,3872,113.66196610169517
2019-09-30,online,Baby/Children,7571,165.8214237288135
2019-09-30,online,Divided,67880,2007.724813559327
2019-09-30,online,Ladieswear,137440,4952.308813559348
2019-09-30,online,Menswear,10971,373.45552542373014
2019-09-30,online,Sport,8355,265.54491525423816
2019-09-30,store,Baby/Children,3792,82.15266101694978
2019-09-30,store,Divided,14529,407.1178644067808
2019-09-30,store,Ladieswear,55056,1515.8209322033827
2019-09-30,store,Menswear,6970,218.79835593220363
2019-09-30,store,Sport,3157,89.87627118644092
2019-10-07,online,Baby/Children,5627,125.62801694915277
2019-10-07,online,Divided,54391,1592.9009661016948
2019-10-07,online,Ladieswear,112618,4043.2694406780524
2019-10-07,online,Menswear,9586,318.15983050847615
2019-10-07,online,Sport,6399,201.89757627118695
2019-10-07,store,Baby/Children,2913,62.51628813559374
2019-10-07,store,Divided,12575,344.08601694915546
2019-10-07,store,Ladieswear,49188,1354.0212542372933
2019-10-07,store,Menswear,6510,208.90381355932197
2019-10-07,store,Sport,2899,85.33861016949163
2019-10-14,online,Baby/Children,3820,85.27447457627147
2019-10-14,online,Divided,44233,1344.7731186440378
2019-10-14,online,Ladieswear,90179,3249.6918644068637
2019-10-14,online,Menswear,7253,253.71361016949152
2019-10-14,online,Sport,5698,180.25450847457634
2019-10-14,store,Baby/Children,2709,57.87533898305129
2019-10-14,store,Divided,13103,362.7953220339009
2019-10-14,store,Ladieswear,48974,1332.544491525434
2019-10-14,store,Menswear,6559,212.02627118644105
2019-10-14,store,Sport,2916,84.0225084745764
2019-10-21,online,Baby/Children,3681,86.9541016949157
2019-10-21,online,Divided,42200,1338.8800677965733
2019-10-21,online,Ladieswear,95385,3616.3365084746392
2019-10-21,online,Menswear,7179,256.9097966101696
2019-10-21,online,Sport,5506,176.82120338983054
2019-10-21,store,Baby/Children,3319,71.9247627118647
2019-10-21,store,Divided,16621,459.86127118644356
2019-10-21,store,Ladieswear,61439,1708.8170847457886
2019-10-21,store,Menswear,8058,259.8118474576276
2019-10-21,store,Sport,3790,107.3560169491526
2019-10-28,online,Baby/Children,5305,119.73783050847436
2019-10-28,online,Divided,53042,1661.086423728751
2019-10-28,online,Ladieswear,133274,5129.478542372899
2019-10-28,online,Menswear,10116,354.317728813561
2019-10-28,online,Sport,6736,210.3104576271196
2019-10-28,store,Baby/Children,2414,49.8891355932206
2019-10-28,store,Divided,11014,308.8881186440682
2019-10-28,store,Ladieswear,48570,1383.6937457627214
2019-10-28,store,Menswear,6425,197.5560000000001
2019-10-28,store,Sport,2797,81.93033898305097
2019-11-04,online,Baby/Children,3409,83.34518644067835
2019-11-04,online,Divided,36136,1175.4404915253954
2019-11-04,online,Ladieswear,83918,3376.844169491679
2019-11-04,online,Menswear,6464,236.3535254237289
2019-11-04,online,Sport,4487,147.21515254237315
2019-11-04,store,Baby/Children,2264,47.644338983051156
2019-11-04,store,Divided,11004,296.1164406779671
2019-11-04,store,Ladieswear,45114,1272.036254237294
2019-11-04,store,Menswear,6090,189.39862711864424
2019-11-04,store,Sport,2756,76.39189830508482
2019-11-11,online,Baby/Children,3553,86.58559322033923
2019-11-11,online,Divided,39113,1288.1170677965827
2019-11-11,online,Ladieswear,91747,3694.064355932269
2019-11-11,online,Menswear,7005,260.34469491525476
2019-11-11,online,Sport,4604,152.80469491525508
2019-11-11,store,Baby/Children,2117,44.02267796610205
2019-11-11,store,Divided,9910,269.437474576272
2019-11-11,store,Ladieswear,41750,1167.1655932203628
2019-11-11,store,Menswear,5882,179.29723728813576
2019-11-11,store,Sport,2124,60.17296610169495
2019-11-18,online,Baby/Children,3678,92.98464406779695
2019-11-18,online,Divided,34033,1134.614254237244
2019-11-18,online,Ladieswear,77875,3164.2266779661236
2019-11-18,online,Menswear,6528,246.57430508474653
2019-11-18,online,Sport,3769,126.82513559322084
2019-11-18,store,Baby/Children,2622,55.153169491525745
2019-11-18,store,Divided,10603,292.1754915254245
2019-11-18,store,Ladieswear,46275,1274.8320338983149
2019-11-18,store,Menswear,7090,213.44959322033964
2019-11-18,store,Sport,2429,70.15535593220352
2019-11-25,online,Baby/Children,9434,190.78562711864384
2019-11-25,online,Divided,105090,2796.5547457625507
2019-11-25,online,Ladieswear,256666,8193.603932202544
2019-11-25,online,Menswear,24755,798.8298135593215
2019-11-25,online,Sport,12580,319.0770169491527
2019-11-25,store,Baby/Children,3660,68.81167796610175
2019-11-25,store,Divided,16894,414.92030508475113
2019-11-25,store,Ladieswear,66540,1658.1373389830371
2019-11-25,store,Menswear,10711,284.95513559321785
2019-11-25,store,Sport,3599,95.6549830508475
2019-12-02,online,Baby/Children,3339,72.90357627118682
2019-12-02,online,Divided,32086,964.469355932172
2019-12-02,online,Ladieswear,97578,3430.2515423729865
2019-12-02,online,Menswear,8244,287.28494915254356
2019-12-02,online,Sport,4776,132.34257627118734
2019-12-02,store,Baby/Children,2521,51.968220338983464
2019-12-02,store,Divided,8774,234.61966101694867
2019-12-02,store,Ladieswear,40806,1063.632983050834
2019-12-02,store,Menswear,7324,195.84647457627113
2019-12-02,store,Sport,1873,57.05308474576282
2019-12-09,online,Baby/Children,3478,84.6401694915254
2019-12-09,online,Divided,32352,1023.8195762711694
2019-12-09,online,Ladieswear,85836,3229.6564915254266
2019-12-09,online,Menswear,8224,302.908711864407
2019-12-09,online,Sport,4391,141.41545762711866
2019-12-09,store,Baby/Children,3126,63.123457627118796
2019-12-09,store,Divided,10056,274.41262711864556
2019-12-09,store,Ladieswear,47917,1222.8076101695356
2019-12-09,store,Menswear,8828,251.27586440677996
2019-12-09,store,Sport,2025,58.394932203389914
2019-12-16,online,Baby/Children,4496,89.64125423728875
2019-12-16,online,Divided,43131,1172.8613220338868
2019-12-16,online,Ladieswear,128998,3961.98454237294
2019-12-16,online,Menswear,10024,316.76438983050735
2019-12-16,online,Sport,6178,161.10855932203359
2019-12-16,store,Baby/Children,6522,104.82361016949238
2019-12-16,store,Divided,23122,438.45372881355405
2019-12-16,store,Ladieswear,93462,1917.186813559451
2019-12-16,store,Menswear,18647,418.8620169491525
2019-12-16,store,Sport,4164,83.72933898305126
2019-12-23,online,Baby/Children,2403,49.03035593220373
2019-12-23,online,Divided,29933,850.5166779660963
2019-12-23,online,Ladieswear,80098,2523.624813559347
2019-12-23,online,Menswear,4876,161.35457627118657
2019-12-23,online,Sport,5340,151.3735423728818
2019-12-23,store,Baby/Children,4611,76.01755932203461
2019-12-23,store,Divided,19536,384.1776101694917
2019-12-23,store,Ladieswear,72529,1496.919372881503
2019-12-23,store,Menswear,15215,348.8332881355939
2019-12-23,store,Sport,3700,78.08657627118697
2019-12-30,online,Baby/Children,3139,62.65177966101755
2019-12-30,online,Divided,35975,947.1271355931985
2019-12-30,online,Ladieswear,98265,2909.143423728823
2019-12-30,online,Menswear,5789,178.45642372881375
2019-12-30,online,Sport,8399,243.9882542372875
2019-12-30,store,Baby/Children,3344,55.15466101694973
2019-12-30,store,Divided,16998,356.1257288135586
2019-12-30,store,Ladieswear,57263,1198.8181016949598
2019-12-30,store,Menswear,8826,219.87944067796624
2019-12-30,store,Sport,4444,92.61544067796693
2020-01-06,online,Baby/Children,3656,70.97003389830591
2020-01-06,online,Divided,45865,1170.7996610169394
2020-01-06,online,Ladieswear,107246,3086.0594915254615
2020-01-06,online,Menswear,6341,186.24816949152535
2020-01-06,online,Sport,12875,376.072762711863
2020-01-06,store,Baby/Children,2049,32.91642372881364
2020-01-06,store,Divided,10763,231.22989830508385
2020-01-06,store,Ladieswear,41290,900.3658644067882
2020-01-06,store,Menswear,4782,122.15208474576266
2020-01-06,store,Sport,4850,105.53347457627169
2020-01-13,online,Baby/Children,3202,64.32964406779695
2020-01-13,online,Divided,42508,1078.0998813559322
2020-01-13,online,Ladieswear,100308,2932.345220339057
2020-01-13,online,Menswear,5585,163.06299999999993
2020-01-13,online,Sport,11429,342.2495932203382
2020-01-13,store,Baby/Children,1862,32.63523728813562
2020-01-13,store,Divided,10015,221.6650677966092
2020-01-13,store,Ladieswear,41206,911.3758135593308
2020-01-13,store,Menswear,4501,117.9892203389828
2020-01-13,store,Sport,4667,107.56076271186475
2020-01-20,online,Baby/Children,3805,74.25722033898364
2020-01-20,online,Divided,41523,1139.9855762711707
2020-01-20,online,Ladieswear,111418,3380.0347966102736
2020-01-20,online,Menswear,5733,172.90752542372837
2020-01-20,online,Sport,10305,324.03637288135513
2020-01-20,store,Baby/Children,2286,39.85564406779672
2020-01-20,store,Divided,12410,278.7861355932194
2020-01-20,store,Ladieswear,52624,1158.2202033898564
2020-01-20,store,Menswear,5749,153.82791525423704
2020-01-20,store,Sport,5101,126.0196610169495
2020-01-27,online,Baby/Children,3534,74.0162881355938
2020-01-27,online,Divided,43345,1230.9723559322017
2020-01-27,online,Ladieswear,105283,3301.7080847459724
2020-01-27,online,Menswear,5988,192.02408474576254
2020-01-27,online,Sport,9767,309.98672881355884
2020-01-27,store,Baby/Children,2291,39.89220338983063
2020-01-27,store,Divided,12491,291.622050847457
2020-01-27,store,Ladieswear,53994,1208.0852372881566
2020-01-27,store,Menswear,5324,148.17583050847406
2020-01-27,store,Sport,4653,122.06544067796641
2020-02-03,online,Baby/Children,3378,74.14037288135648
2020-02-03,online,Divided,47499,1300.5028305084697
2020-02-03,online,Ladieswear,110174,3480.541915254368
2020-02-03,online,Menswear,6876,213.03408474576273
2020-02-03,online,Sport,10537,335.7099491525411
2020-02-03,store,Baby/Children,1959,32.91128813559319
2020-02-03,store,Divided,11305,262.9698305084745
2020-02-03,store,Ladieswear,49819,1116.299983050862
2020-02-03,store,Menswear,5317,145.7482542372877
2020-02-03,store,Sport,4203,113.42586440677992
2020-02-10,online,Baby/Children,3070,67.03059322033937
2020-02-10,online,Divided,41816,1175.3943728813515
2020-02-10,online,Ladieswear,100412,3226.7115932204715
2020-02-10,online,Menswear,5855,186.71581355932176
2020-02-10,online,Sport,8915,288.761949152542
2020-02-10,store,Baby/Children,2154,37.85832203389842
2020-02-10,store,Divided,10803,256.1140508474573
2020-02-10,store,Ladieswear,46729,1054.5180677966416
2020-02-10,store,Menswear,5800,155.2308813559319
2020-02-10,store,Sport,3536,98.292338983051
2020-02-17,online,Baby/Children,2760,57.98120338983075
2020-02-17,online,Divided,39772,1102.7977118643987
2020-02-17,online,Ladieswear,97758,3287.366610169591
2020-02-17,online,Menswear,5131,160.25122033898305
2020-02-17,online,Sport,7422,234.30983050847487
2020-02-17,store,Baby/Children,2630,46.9073220338987
2020-02-17,store,Divided,13659,329.6380847457634
2020-02-17,store,Ladieswear,51719,1182.79979661022
2020-02-17,store,Menswear,6247,165.46520338983004
2020-02-17,store,Sport,3769,106.76386440677993
2020-02-24,online,Baby/Children,2945,66.19232203389852
2020-02-24,online,Divided,43568,1281.4370677965917
2020-02-24,online,Ladieswear,109052,3642.982305084956
2020-02-24,online,Menswear,6249,204.26774576271146
2020-02-24,online,Sport,7972,261.99611864406796
2020-02-24,store,Baby/Children,2556,49.032389830508734
2020-02-24,store,Divided,16377,423.1838135593214
2020-02-24,store,Ladieswear,58100,1408.7114745763392
2020-02-24,store,Menswear,7384,202.8306271186438
2020-02-24,store,Sport,4310,127.56984745762742
2020-03-02,online,Baby/Children,3407,69.0407457627125
2020-03-02,online,Divided,54707,1496.920983050833
2020-03-02,online,Ladieswear,142642,4329.199525423802
2020-03-02,online,Menswear,6982,219.187711864407
2020-03-02,online,Sport,11285,345.80172881356094
2020-03-02,store,Baby/Children,1838,32.39052542372887
2020-03-02,store,Divided,12517,321.7102711864405
2020-03-02,store,Ladieswear,51669,1243.656322033928
2020-03-02,store,Menswear,5966,162.36701694915268
2020-03-02,store,Sport,4110,122.35296610169509
2020-03-09,online,Baby/Children,2890,61.84544067796673
2020-03-09,online,Divided,46908,1278.2992033898256
2020-03-09,online,Ladieswear,113104,3489.245186440849
2020-03-09,online,Menswear,5851,184.8363559322033
2020-03-09,online,Sport,8237,256.9595932203402
2020-03-09,store,Baby/Children,1400,25.272305084745735
2020-03-09,store,Divided,10125,256.31550847457555
2020-03-09,store,Ladieswear,39034,944.7036440678055
2020-03-09,store,Menswear,4437,118.1707966101693
2020-03-09,store,Sport,3116,94.95793220339002
2020-03-16,online,Baby/Children,3375,71.08433898305111
2020-03-16,online,Divided,46238,1300.6879999999921
2020-03-16,online,Ladieswear,107754,3268.0862542375116
2020-03-16,online,Menswear,6478,192.3533728813574
2020-03-16,online,Sport,8359,269.93583050847593
2020-03-16,store,Baby/Children,216,3.8938135593220284
2020-03-16,store,Divided,2135,52.817491525423776
2020-03-16,store,Ladieswear,7607,170.68935593220243
2020-03-16,store,Menswear,878,22.900474576271236
2020-03-16,store,Sport,616,18.603152542372897
2020-03-23,online,Baby/Children,5333,108.24850847457589
2020-03-23,online,Divided,59055,1660.355762711872
2020-03-23,online,Ladieswear,140227,4210.6253050852365
2020-03-23,online,Menswear,9386,267.66927118644367
2020-03-23,online,Sport,11842,392.51305084746275
2020-03-30,online,Baby/Children,6838,140.86981355932213
2020-03-30,online,Divided,77897,2149.019898305054
2020-03-30,online,Ladieswear,208541,5987.012796610563
2020-03-30,online,Menswear,13789,373.01137288136084
2020-03-30,online,Sport,14932,452.21166101695366
2020-04-06,online,Baby/Children,9075,179.69050847457578
2020-04-06,online,Divided,98691,2575.424491525353
2020-04-06,online,Ladieswear,283219,7906.772813559526
2020-04-06,online,Menswear,20216,502.5094745762774
2020-04-06,online,Sport,15093,424.9013559322076
2020-04-13,online,Baby/Children,3729,82.83172881355966
2020-04-13,online,Divided,50603,1449.506966101709
2020-04-13,online,Ladieswear,151242,4625.22177966188
2020-04-13,online,Menswear,10623,306.3992711864445
2020-04-13,online,Sport,7446,236.1008135593235
2020-04-20,online,Baby/Children,4342,93.37977966101731
2020-04-20,online,Divided,67474,1830.710525423703
2020-04-20,online,Ladieswear,207059,5965.5836779666515
2020-04-20,online,Menswear,13949,368.51003389830896
2020-04-20,online,Sport,9184,276.7903050847485
2020-04-27,online,Baby/Children,3189,69.433711864407
2020-04-27,online,Divided,52488,1467.3537627118894
2020-04-27,online,Ladieswear,150281,4426.136542373471
2020-04-27,online,Menswear,11295,313.2777966101705
2020-04-27,online,Sport,5719,178.83922033898298
2020-04-27,store,Ladieswear,2,0.08132203389830508
2020-04-27,store,Menswear,3,0.10166101694915254
2020-05-04,online,Baby/Children,2737,58.46796610169531
2020-05-04,online,Divided,44564,1285.8996440677784
2020-05-04,online,Ladieswear,135639,4036.9061864409546
2020-05-04,online,Menswear,10143,276.00330508474735
2020-05-04,online,Sport,5297,157.8099830508471
2020-05-04,store,Baby/Children,1047,16.598169491525407
2020-05-04,store,Divided,6982,157.67222033898295
2020-05-04,store,Ladieswear,27946,611.3426101694924
2020-05-04,store,Menswear,2313,48.95496610169508
2020-05-04,store,Sport,1453,42.20213559322028
2020-05-11,online,Baby/Children,2355,51.57927118644078
2020-05-11,online,Divided,39981,1196.9249830508202
2020-05-11,online,Ladieswear,138098,4161.686084745864
2020-05-11,online,Menswear,9206,250.95879661017054
2020-05-11,online,Sport,5394,169.34676271186447
2020-05-11,store,Baby/Children,2289,36.61383050847468
2020-05-11,store,Divided,14482,333.1877118644083
2020-05-11,store,Ladieswear,59495,1290.5423220339212
2020-05-11,store,Menswear,5821,134.23240677966152
2020-05-11,store,Sport,3434,102.00942372881386
2020-05-18,online,Baby/Children,2745,58.39757627118659
2020-05-18,online,Divided,50106,1438.361491525408
2020-05-18,online,Ladieswear,178189,5374.073423729087
2020-05-18,online,Menswear,11140,307.4565762711872
2020-05-18,online,Sport,6290,187.27057627118654
2020-05-18,store,Baby/Children,3859,55.26147457627159
2020-05-18,store,Divided,19064,366.8213220338974
2020-05-18,store,Ladieswear,90202,1863.728694915372
2020-05-18,store,Menswear,8464,177.14681355932248
2020-05-18,store,Sport,4577,115.01559322033943
2020-05-25,online,Baby/Children,2192,47.14225423728818
2020-05-25,online,Divided,48131,1437.8283559321967
2020-05-25,online,Ladieswear,173649,5428.58718644132
2020-05-25,online,Menswear,11690,311.41484745762733
2020-05-25,online,Sport,7437,223.82040677966103
2020-05-25,store,Baby/Children,3129,43.36849152542372
2020-05-25,store,Divided,23829,437.9063389830479
2020-05-25,store,Ladieswear,98820,2052.3536779662236
2020-05-25,store,Menswear,9364,181.03316949152628
2020-05-25,store,Sport,5171,127.75576271186493
2020-06-01,online,Baby/Children,1699,39.99052542372882
2020-06-01,online,Divided,38437,1201.8489322033652
2020-06-01,online,Ladieswear,141316,4512.295050847968
2020-06-01,online,Menswear,9479,267.9418813559324
2020-06-01,online,Sport,5465,168.81483050847527
2020-06-01,store,Baby/Children,3198,44.41920338983061
2020-06-01,store,Divided,21255,399.1082203389853
2020-06-01,store,Ladieswear,85992,1758.9163728814328
2020-06-01,store,Menswear,9811,199.99754237288357
2020-06-01,store,Sport,4607,112.51628813559394
2020-06-08,online,Baby/Children,1643,37.8926779661017
2020-06-08,online,Divided,35735,1087.8058135593003
2020-06-08,online,Ladieswear,115793,3693.7566101698676
2020-06-08,online,Menswear,8167,237.26669491525408
2020-06-08,online,Sport,6159,177.83893220339007
2020-06-08,store,Baby/Children,2716,38.74950847457633
2020-06-08,store,Divided,21315,383.31552542373095
2020-06-08,store,Ladieswear,81152,1622.7847796610654
2020-06-08,store,Menswear,9035,185.51574576271344
2020-06-08,store,Sport,4380,106.90910169491582
2020-06-15,online,Baby/Children,3081,58.00367796610166
2020-06-15,online,Divided,69665,1746.642694915243
2020-06-15,online,Ladieswear,244928,6280.30727118674
2020-06-15,online,Menswear,14768,360.47281355932233
2020-06-15,online,Sport,9315,240.39238983050885
2020-06-15,store,Baby/Children,3008,42.250559322033965
2020-06-15,store,Divided,24418,420.3326271186413
2020-06-15,store,Ladieswear,100533,1947.6688983051963
2020-06-15,store,Menswear,11847,231.5350169491534
2020-06-15,store,Sport,5761,127.48401694915297
2020-06-22,online,Baby/Children,3331,62.680067796610146
2020-06-22,online,Divided,84125,1874.8918813559358
2020-06-22,online,Ladieswear,272328,6758.046711864899
2020-06-22,online,Menswear,17051,385.0955423728811
2020-06-22,online,Sport,10116,255.28059322034048
2020-06-22,store,Baby/Children,3768,48.20115254237287
2020-06-22,store,Divided,26672,445.0108474576246
2020-06-22,store,Ladieswear,117221,2374.0275593221454
2020-06-22,store,Menswear,14658,268.8595423728814
2020-06-22,store,Sport,6213,139.84044067796697
2020-06-29,online,Baby/Children,2679,52.528389830508544
2020-06-29,online,Divided,51072,1243.0176440677878
2020-06-29,online,Ladieswear,165779,4234.176830508685
2020-06-29,online,Menswear,10188,249.6427457627118
2020-06-29,online,Sport,8127,228.55306779661166
2020-06-29,store,Baby/Children,3026,44.120355932203495
2020-06-29,store,Divided,22670,438.02710169491587
2020-06-29,store,Ladieswear,84707,1739.095661017076
2020-06-29,store,Menswear,12007,245.10091525423695
2020-06-29,store,Sport,5439,135.65825423728856
2020-07-06,online,Baby/Children,2138,43.155220338983156
2020-07-06,online,Divided,38739,969.9504237288135
2020-07-06,online,Ladieswear,121583,3185.893135593256
2020-07-06,online,Menswear,7901,202.7272542372876
2020-07-06,online,Sport,8593,243.4788135593231
2020-07-06,store,Baby/Children,3093,45.411508474576614
2020-07-06,store,Divided,21177,420.97945762711964
2020-07-06,store,Ladieswear,74043,1525.432796610294
2020-07-06,store,Menswear,10476,217.56308474576284
2020-07-06,store,Sport,5191,135.80357627118656
2020-07-13,online,Baby/Children,2055,39.140101694915245
2020-07-13,online,Divided,36136,908.9127966101662
2020-07-13,online,Ladieswear,116270,3065.8437796611925
2020-07-13,online,Menswear,6749,169.71591525423764
2020-07-13,online,Sport,9167,258.98840677966086
2020-07-13,store,Baby/Children,2871,40.7419322033899
2020-07-13,store,Divided,19925,386.27322033898247
2020-07-13,store,Ladieswear,77750,1582.9243220340063
2020-07-13,store,Menswear,10366,211.77223728813516
2020-07-13,store,Sport,4505,119.30903389830539
2020-07-20,online,Baby/Children,2323,46.89872881355951
2020-07-20,online,Divided,41274,1089.7443050847178
2020-07-20,online,Ladieswear,109767,3052.0370847459117
2020-07-20,online,Menswear,7158,188.81727118644065
2020-07-20,online,Sport,8832,252.20793220339021
2020-07-20,store,Baby/Children,3149,46.0958474576274
2020-07-20,store,Divided,22432,447.83820338982946
2020-07-20,store,Ladieswear,82975,1704.432593220507
2020-07-20,store,Menswear,12187,245.64698305084804
2020-07-20,store,Sport,6032,149.23994915254286
2020-07-27,online,Baby/Children,2187,43.546898305084866
2020-07-27,online,Divided,48131,1106.6223728813275
2020-07-27,online,Ladieswear,127122,3421.967525423842
2020-07-27,online,Menswear,7423,188.73430508474598
2020-07-27,online,Sport,10199,285.06098305084714
2020-07-27,store,Baby/Children,2697,40.81754237288147
2020-07-27,store,Divided,19847,395.70638983050833
2020-07-27,store,Ladieswear,72754,1522.4625932204237
2020-07-27,store,Menswear,10501,213.34647457627094
2020-07-27,store,Sport,5200,129.66986440678028
2020-08-03,online,Baby/Children,2052,40.080932203389835
2020-08-03,online,Divided,46639,1079.6252542372638
2020-08-03,online,Ladieswear,138559,3728.043898305295
2020-08-03,online,Menswear,7679,183.07496610169517
2020-08-03,online,Sport,9046,256.75918644067804
2020-08-03,store,Baby/Children,2116,29.717406779661022
2020-08-03,store,Divided,16490,316.6518135593202
2020-08-03,store,Ladieswear,74490,1547.1223220339984
2020-08-03,store,Menswear,8878,168.08698305084735
2020-08-03,store,Sport,3881,95.30530508474635
2020-08-10,online,Baby/Children,2250,45.3267966101697
2020-08-10,online,Divided,44473,1095.3267796609935
2020-08-10,online,Ladieswear,129605,3613.056355932228
2020-08-10,online,Menswear,7569,187.05935593220397
2020-08-10,online,Sport,8662,245.02006779661366
2020-08-10,store,Baby/Children,1797,26.947406779661005
2020-08-10,store,Divided,12998,257.9059152542369
2020-08-10,store,Ladieswear,58543,1207.4872203390478
2020-08-10,store,Menswear,7374,146.15145762711896
2020-08-10,store,Sport,4117,97.75352542372937
2020-08-17,online,Baby/Children,2205,50.01781355932218
2020-08-17,online,Divided,39660,1128.4266440677713
2020-08-17,online,Ladieswear,100897,3177.421813559399
2020-08-17,online,Menswear,6291,175.38369491525435
2020-08-17,online,Sport,10448,318.07794915254067
2020-08-17,store,Baby/Children,2118,35.62291525423747
2020-08-17,store,Divided,13962,328.69989830508575
2020-08-17,store,Ladieswear,56758,1251.9760000000606
2020-08-17,store,Menswear,7464,170.9640169491526
2020-08-17,store,Sport,4774,125.70108474576318
2020-08-24,online,Baby/Children,4133,107.19215254237352
2020-08-24,online,Divided,49167,1573.2302711864088
2020-08-24,online,Ladieswear,113160,4026.2119830509478
2020-08-24,online,Menswear,8905,285.61674576271383
2020-08-24,online,Sport,11477,388.2887288135573
2020-08-24,store,Baby/Children,3043,57.81167796610195
2020-08-24,store,Divided,17539,465.92237288135647
2020-08-24,store,Ladieswear,64161,1566.0836610169804
2020-08-24,store,Menswear,8967,240.14233898305093
2020-08-24,store,Sport,5973,172.50033898305128
2020-08-31,online,Baby/Children,5138,122.80838983050793
2020-08-31,online,Divided,46980,1549.817118644009
2020-08-31,online,Ladieswear,105250,3850.661491525538
2020-08-31,online,Menswear,9356,315.29540677966247
2020-08-31,online,Sport,10625,376.107186440678
2020-08-31,store,Baby/Children,3205,60.49225423728853
2020-08-31,store,Divided,14441,390.3809830508475
2020-08-31,store,Ladieswear,58214,1516.131288135627
2020-08-31,store,Menswear,8209,223.3374237288141
2020-08-31,store,Sport,5079,149.50679661016957
2020-09-07,online,Baby/Children,3625,95.95305084745814
2020-09-07,online,Divided,51448,1689.355169491475
2020-09-07,online,Ladieswear,114590,4578.109423729037
2020-09-07,online,Menswear,9523,322.79294915254513
2020-09-07,online,Sport,10894,387.6505762711863
2020-09-07,store,Baby/Children,2251,44.15720338983075
2020-09-07,store,Divided,12385,333.7858813559323
2020-09-07,store,Ladieswear,56615,1488.1816440678313
2020-09-07,store,Menswear,7148,195.53247457627128
2020-09-07,store,Sport,5096,145.02322033898292
2020-09-14,online,Baby/Children,2848,73.63120338983083
2020-09-14,online,Divided,44623,1552.990101694852
2020-09-14,online,Ladieswear,97290,3902.7658305087134
2020-09-14,online,Menswear,7322,242.8012881355947
2020-09-14,online,Sport,8378,291.8346949152525
2020-09-14,store,Baby/Children,1737,33.30413559322037
2020-09-14,store,Divided,11476,305.51191525423667
2020-09-14,store,Ladieswear,47615,1248.0288644067903
2020-09-14,store,Menswear,5875,163.6301864406783
2020-09-14,store,Sport,4145,118.36172881355968
